"","Estimate","StdError","LowerBound","UpperBound","Isolate"
"e:1:50",0.169376329339122,0.0464852466882548,0.0702953714102073,0.268457287268037,"Czm_20_1"
"e:1:501",0.333285896661634,0.0376974416893088,0.252935701704191,0.413636091619078,"Czm_20_10"
"e:1:502",0.568629640157368,0.12020235229883,0.31242439097481,0.824834889339926,"Czm_20_100"
"e:1:503",0.301423792409753,0.249711865082988,-0.230824448942265,0.833672033761771,"Czm_20_101"
"e:1:504",0.640716902603407,0.177607680579451,0.262155092544411,1.0192787126624,"Czm_20_102"
"e:1:505",0.0190632427402299,0.0174990090107416,-0.0182350120634616,0.0563614975439214,"Czm_20_103"
"e:1:506",0.608770756695904,0.0846593486680967,0.428323626449903,0.789217886941906,"Czm_20_104"
"e:1:507",0.77844712658801,0.240097232354302,0.266691989796273,1.29020226337975,"Czm_20_105"
"e:1:508",0.290527332363473,0.0275035699270375,0.231904860741218,0.349149803985728,"Czm_20_106"
"e:1:509",0.936123068480237,0.304117188044164,0.287912626226587,1.58433351073389,"Czm_20_107"
"e:1:5010",0.286102343929159,0.0469182769933929,0.186098403753144,0.386106284105174,"Czm_20_13"
"e:1:5011",0.411135830428466,0.0394620610213479,0.327024438397662,0.49524722245927,"Czm_20_15"
"e:1:5012",0.396308384962538,0.0247012245904078,0.343658971034544,0.448957798890533,"Czm_20_16"
"e:1:5013",0.152633535275597,0.0192178113205621,0.111671740069731,0.193595330481463,"Czm_20_17"
"e:1:5014",0.097578712336834,0.0310854811471666,0.0313215776721989,0.163835847001469,"Czm_20_18"
"e:1:5015",0.626575901221284,0.0587986152772058,0.501249619409139,0.751902183033428,"Czm_20_19"
"e:1:5016",0.149400001649672,0.0322799543582223,0.0805969076021491,0.218203095697195,"Czm_20_22"
"e:1:5017",0.513587965931762,0.0368164744079933,0.435115508285731,0.592060423577792,"Czm_20_25"
"e:1:5018",0.174232750561329,0.0210912897706102,0.129277730564492,0.219187770558166,"Czm_20_26"
"e:1:5019",0.252767290483573,0.0928777510947965,0.0548030501199554,0.450731530847191,"Czm_20_31"
"e:1:5020",0.552354117297642,0.0631591135078951,0.417733653513281,0.686974581082003,"Czm_20_32"
"e:1:5021",0.396035419526194,0.169542793446573,0.0346635094815605,0.757407329570828,"Czm_20_35"
"e:1:5022",0.194703330450193,0.0515901407510804,0.0847415483909374,0.304665112509448,"Czm_20_36"
"e:1:5023",0.223442165458321,0.0468896057176864,0.123499336659882,0.323384994256761,"Czm_20_40"
"e:1:5024",0.368047557418287,0.0847174678276032,0.187476549116167,0.548618565720407,"Czm_20_41"
"e:1:5025",0.495409884449905,0.0598548024240177,0.367832393023662,0.622987375876147,"Czm_20_55"
"e:1:5026",0.128715331772598,0.0196276056960506,0.0868800805313241,0.170550583013871,"Czm_20_56"
"e:1:5027",0.616602374843009,0.128585514368976,0.342528838675686,0.890675911010332,"Czm_20_59"
"e:1:5028",0.405537581925083,0.0501689649376503,0.298604964407524,0.512470199442642,"Czm_20_6"
"e:1:5029",0.777935985191124,0.0881092965913963,0.5901354650118,0.965736505370447,"Czm_20_60"
"e:1:5030",0.374312852957528,0.0833089915243111,0.196743940831992,0.551881765083064,"Czm_20_62"
"e:1:5031",0.173201288899752,0.0225565509236089,0.12512313868423,0.221279439115275,"Czm_20_65"
"e:1:5032",0.380383225596745,0.109648579107184,0.146672811487462,0.614093639706027,"Czm_20_66"
"e:1:5033",0.0963487913474109,0.117693025287908,-0.154507953918055,0.347205536612876,"Czm_20_7"
"e:1:5034",0.405169322055222,0.10996020607079,0.170794690795977,0.639543953314466,"Czm_20_70"
"e:1:5035",0.218473189128963,0.0284822630558368,0.157764682482086,0.279181695775841,"Czm_20_72"
"e:1:5036",0.532760229063865,0.0838032008680298,0.354137934657249,0.711382523470482,"Czm_20_73"
"e:1:5037",0.548762820360446,0.02930531059026,0.486300029420348,0.611225611300544,"Czm_20_74"
"e:1:5038",0.916272377124005,0.159151485700456,0.577049015252604,1.25549573899541,"Czm_20_75"
"e:1:5039",0.562095251560265,0.0458385104375624,0.464392779318985,0.659797723801544,"Czm_20_76"
"e:1:5040",0.212185709257049,0.226196273347681,-0.269940234777181,0.694311653291279,"Czm_20_77"
"e:1:5041",0.316077243653497,0.03605068394935,0.239237029732536,0.392917457574458,"Czm_20_78"
"e:1:5042",0.322225665621993,0.0614719732614538,0.191201256149204,0.453250075094781,"Czm_20_79"
"e:1:5043",0.504835879369886,0.141740735048296,0.202722654063886,0.806949104675887,"Czm_20_80"
"e:1:5044",0.437362525310065,0.0695911208758626,0.289032562344212,0.585692488275918,"Czm_20_81"
"e:1:5045",0.749491077928674,0.490051302140599,-0.295028547319883,1.79401070317723,"Czm_20_82"
"e:1:5046",0.319906979373159,0.091453885612968,0.124977636443723,0.514836322302596,"Czm_20_85"
"e:1:5047",0.240634681757511,0.0204614170628235,0.197022203657446,0.284247159857575,"Czm_20_86"
"e:1:5048",0.48000502945443,0.0674318316717346,0.336277482481448,0.623732576427412,"Czm_20_87"
"e:1:5049",0.0798043653391884,0.0323165425819771,0.0109232853387703,0.148685445339607,"Czm_20_88"
"e:1:5050",0.320944906723225,0.0490298384935994,0.216440279747173,0.425449533699276,"Czm_20_89"
"e:1:5051",0.200661195510815,0.016867841640556,0.164708242111478,0.236614148910152,"Czm_20_90"
"e:1:5052",0.326636524157181,0.0972560518431601,0.119340156653139,0.533932891661222,"Czm_20_91"
"e:1:5053",0.242889506779582,0.0448829748164693,0.147223710503647,0.338555303055516,"Czm_20_92"
"e:1:5054",0.146089218152972,0.0259003438576014,0.0908839420078456,0.201294494298098,"Czm_20_93"
"e:1:5055",0.710240717217444,0.060788591854907,0.580672900733084,0.839808533701804,"Czm_20_94"
"e:1:5056",0.468431882772767,0.065052520061968,0.329775718449167,0.607088047096367,"Czm_20_95"
"e:1:5057",0.160759925550061,0.0910025304660772,-0.0332073766566488,0.354727227756771,"Czm_20_96"
"e:1:5058",0.240121125634784,0.0856162748963534,0.0576343554144307,0.422607895855137,"Czm_20_97"
"e:1:5059",0.323278447757001,0.0480005839267929,0.220967624959634,0.425589270554367,"Czm_20_98"
"e:1:5060",0.357088701180359,0.0815297256153697,0.183312204567866,0.530865197792852,"Czm_20_99"
"e:1:5061",0.406199528901399,0.0682683034211956,0.260689084598155,0.551709973204644,"Czm_21_1"
"e:1:5062",0.501411994367049,0.0817435019944071,0.327179844188605,0.675644144545492,"Czm_21_100"
"e:1:5063",0.278506461348066,0.0248947160935428,0.225444630043645,0.331568292652487,"Czm_21_101"
"e:1:5064",0.311681862113561,0.0267321906303566,0.25470354654267,0.368660177684452,"Czm_21_102"
"e:1:5065",0.24316281322976,0.0306097177713952,0.177919744196207,0.308405882263314,"Czm_21_103"
"e:1:5066",0.546158728545622,0.0452904136516669,0.449624496949562,0.642692960141681,"Czm_21_104"
"e:1:5067",0.400379603472037,0.0559780924649719,0.281065123726269,0.519694083217804,"Czm_21_105"
"e:1:5068",0.26491266490724,0.138710689663802,-0.0307421715409541,0.560567501355435,"Czm_21_106"
"e:1:5069",0.493769708092584,0.0232889356628301,0.444130516757474,0.543408899427694,"Czm_21_108"
"e:1:5070",0.471448960853093,0.0594774113827421,0.344675859390276,0.59822206231591,"Czm_21_109"
"e:1:5071",0.242904628830883,0.0369236659980384,0.164203697718963,0.321605559942803,"Czm_21_11"
"e:1:5072",0.201871159898134,0.0251586337413281,0.148246801443275,0.255495518352993,"Czm_21_110"
"e:1:5073",0.345346151274324,0.057478228350147,0.222834207577822,0.467858094970826,"Czm_21_111"
"e:1:5074",0.232717697208435,0.0403965207366819,0.146614551442039,0.318820842974832,"Czm_21_112"
"e:1:5075",0.265676493554155,0.0596703891191451,0.138492069782778,0.392860917325532,"Czm_21_113"
"e:1:5076",0.189409073043454,0.0238819445068077,0.138505913277335,0.240312232809573,"Czm_21_114"
"e:1:5077",0.37602207150054,0.0600231597980822,0.248085734825856,0.503958408175224,"Czm_21_115"
"e:1:5078",0.243606549749599,0.0379403005897483,0.162738713299179,0.324474386200019,"Czm_21_116"
"e:1:5079",0.230488227781766,0.0275883130409624,0.171685130487846,0.289291325075686,"Czm_21_117"
"e:1:5080",0.214804648368376,0.0225783237398425,0.166680090493588,0.262929206243165,"Czm_21_118"
"e:1:5081",0.231417117809629,0.027947956908741,0.171847457757168,0.290986777862089,"Czm_21_119"
"e:1:5082",0.270440256455681,0.0158319390237387,0.236695277218203,0.304185235693159,"Czm_21_120"
"e:1:5083",0.395264602000407,0.0287756120310646,0.33393083681359,0.456598367187224,"Czm_21_121"
"e:1:5084",0.2403234781517,0.0401110794309709,0.154828736126645,0.325818220176755,"Czm_21_122"
"e:1:5085",0.390020091794918,0.0731612053718721,0.234080673852436,0.5459595097374,"Czm_21_123"
"e:1:5086",0.271923420884546,0.0943259901244725,0.0708723320992631,0.472974509669828,"Czm_21_124"
"e:1:5087",0.507103967294759,0.0452203359336586,0.410719102818902,0.603488831770616,"Czm_21_125"
"e:1:5088",0.380744867820804,0.0582265924875002,0.256637823723828,0.504851911917781,"Czm_21_126"
"e:1:5089",0.202375602202403,0.025943137219737,0.147079114165,0.257672090239807,"Czm_21_127"
"e:1:5090",0.235240074991761,0.0251995536412232,0.181528497834866,0.288951652148655,"Czm_21_128"
"e:1:5091",0.219325448301931,0.047209364342704,0.118701070127509,0.319949826476353,"Czm_21_129"
"e:1:5092",0.416044701329285,1.16312104207982,-2.06308911524276,2.89517851790133,"Czm_21_13"
"e:1:5093",0.0588924552494073,0.0156997873390289,0.0254291506602489,0.0923557598385656,"Czm_21_130"
"e:1:5094",0.371255404845736,0.0360085100409047,0.294505082482765,0.448005727208707,"Czm_21_132"
"e:1:5095",0.110341980858041,0.0385789968985898,0.02811279545039,0.192571166265693,"Czm_21_133"
"e:1:5096",0.908141063274229,0.0726620150848289,0.753265644242213,1.06301648230624,"Czm_21_134"
"e:1:5097",0.290603677137552,0.047741914118715,0.188844195985064,0.392363158290041,"Czm_21_135"
"e:1:5098",0.114154966668064,0.0339098882615277,0.0418777507430483,0.18643218259308,"Czm_21_137"
"e:1:5099",0.168032350379635,0.030286569474014,0.103478055637683,0.232586645121586,"Czm_21_138"
"e:1:50100",0.165070406634236,0.0203676481112459,0.1216577923234,0.208483020945073,"Czm_21_139"
"e:1:50101",0.231219742536784,0.0483729084226621,0.128115328861896,0.334324156211672,"Czm_21_141"
"e:1:50102",0.234665470887059,0.0394896818476515,0.150495206458582,0.318835735315536,"Czm_21_142"
"e:1:50103",0.256741854930367,0.0309275184800771,0.190821409720715,0.322662300140019,"Czm_21_144"
"e:1:50104",0.208983950032379,0.0482679999714751,0.106103143428099,0.311864756636659,"Czm_21_145"
"e:1:50105",0.252140301878721,0.0326540066077596,0.182539934333906,0.321740669423536,"Czm_21_146"
"e:1:50106",0.289328909323212,0.0574629134015898,0.166849608666852,0.411808209979571,"Czm_21_147"
"e:1:50107",1.80929767477841,0.194085559679148,1.39561409680057,2.22298125275624,"Czm_21_154"
"e:1:50108",0.461041193974995,0.0471704349958903,0.360499791739147,0.561582596210842,"Czm_21_155"
"e:1:50109",0.334351402006551,0.0580105862721449,0.210704764259131,0.45799803975397,"Czm_21_157"
"e:1:50110",0.458320677262177,0.215822118785656,-0.00169327974525629,0.918334634269611,"Czm_21_160"
"e:1:50111",0.481012424596173,0.0554538255340152,0.362815393362145,0.599209455830201,"Czm_21_161"
"e:1:50112",0.489255605034597,0.0480446497698732,0.386850858116022,0.591660351953171,"Czm_21_162"
"e:1:50113",0.436247316523347,0.0301619959951895,0.371958543866225,0.50053608918047,"Czm_21_163"
"e:1:50114",0.396993376949905,0.0514043546218532,0.287427588651362,0.506559165248447,"Czm_21_168"
"e:1:50115",0.293011664250176,0.0597215330934605,0.165718229677987,0.420305098822365,"Czm_21_169"
"e:1:50116",0.470627739548863,0.225599200119661,-0.0102255730248358,0.951481052122563,"Czm_21_172"
"e:1:50117",0.477746406908986,0.0868925823697115,0.292539251704549,0.662953562113422,"Czm_21_174"
"e:1:50118",0.51323064779335,0.0601903882014679,0.384937872214265,0.641523423372435,"Czm_21_178"
"e:1:50119",0.265808828605657,0.049182768497361,0.160978239042585,0.370639418168728,"Czm_21_18"
"e:1:50120",0.399019892058428,0.0430344658409763,0.307294099398272,0.490745684718585,"Czm_21_180"
"e:1:50121",0.238363300448443,0.0635753268659645,0.102855698891169,0.373870902005717,"Czm_21_181"
"e:1:50122",0.205460813540633,0.0338534776268361,0.133303834037295,0.27761779304397,"Czm_21_182"
"e:1:50123",0.39338199834496,0.0336790056920494,0.321596896967736,0.465167099722184,"Czm_21_183"
"e:1:50124",0.523760128401332,0.0447079682098511,0.428467349877545,0.61905290692512,"Czm_21_184"
"e:1:50125",0.437692516755633,0.0309393304423878,0.371746894944282,0.503638138566984,"Czm_21_185"
"e:1:50126",0.485171577304837,0.0978090455788602,0.27669653155414,0.693646623055534,"Czm_21_186"
"e:1:50127",0.566102924451088,0.0729266514219165,0.410663446418648,0.721542402483528,"Czm_21_189"
"e:1:50128",0.0184469895576262,0.024732393204576,-0.0342688586988729,0.0711628378141253,"Czm_21_19"
"e:1:50129",0.306492299023985,0.0760143330923627,0.144471583298239,0.468513014749731,"Czm_21_190"
"e:1:50130",0.290323752223238,0.058882999385072,0.16481760994273,0.415829894503746,"Czm_21_191"
"e:1:50131",0.463025249514838,0.03686946200548,0.384439851478224,0.541610647551451,"Czm_21_192"
"e:1:50132",0.404865292545063,0.0246757975209792,0.352270075132647,0.457460509957479,"Czm_21_193"
"e:1:50133",0.277382083935304,0.0409958411255095,0.190001516998496,0.364762650872112,"Czm_21_195"
"e:1:50134",0.156417408950051,0.0372260839426282,0.0770718892475664,0.235762928652536,"Czm_21_196"
"e:1:50135",0.183805658556119,0.060863802603314,0.0540775341562458,0.313533782955993,"Czm_21_197"
"e:1:50136",0.313295627594129,0.0277616857064422,0.25412299521116,0.372468259977099,"Czm_21_198"
"e:1:50137",0.339558343972898,0.0568887136180967,0.218302921184125,0.46081376676167,"Czm_21_199"
"e:1:50138",0.193298844003962,0.0402017498739777,0.107610842504365,0.27898684550356,"Czm_21_20"
"e:1:50139",0.176353077542452,0.022367297697022,0.128678311030734,0.22402784405417,"Czm_21_200"
"e:1:50140",0.432483389538153,0.0400123321140159,0.347199122436947,0.517767656639359,"Czm_21_201"
"e:1:50141",0.250757390922268,0.0215694843186707,0.204783123373279,0.296731658471257,"Czm_21_202"
"e:1:50142",0.377542124624145,0.0583161248104833,0.253244246898034,0.501840002350257,"Czm_21_203"
"e:1:50143",0.391748722426941,0.0277406834423092,0.332620855310313,0.450876589543568,"Czm_21_204"
"e:1:50144",0.336297631551415,0.0543762019615679,0.220397500591164,0.452197762511665,"Czm_21_205"
"e:1:50145",0.491357569831585,0.0328552936985003,0.421328169008683,0.561386970654486,"Czm_21_206"
"e:1:50146",0.21866053483829,0.03004276413105,0.154625898883804,0.282695170792776,"Czm_21_207"
"e:1:50147",0.217568126313614,0.0248889898412676,0.164518500227003,0.270617752400226,"Czm_21_208"
"e:1:50148",0.181720827343329,0.0531219688411066,0.068494030997712,0.294947623688947,"Czm_21_209"
"e:1:50149",0.589135176106485,0.145202785602165,0.279642764720737,0.898627587492234,"Czm_21_21"
"e:1:50150",0.318567602676558,0.0496051023367165,0.212836829843518,0.424298375509599,"Czm_21_210"
"e:1:50151",0.301625876663251,0.0841296191832476,0.122307838087001,0.480943915239501,"Czm_21_212"
"e:1:50152",0.362228104599009,0.0667268495988409,0.220003191344924,0.504453017853094,"Czm_21_213"
"e:1:50153",0.366321315379998,0.0343750458973586,0.293052639423476,0.439589991336519,"Czm_21_214"
"e:1:50154",0.388435716087882,0.0445096162554472,0.293565714747169,0.483305717428595,"Czm_21_215"
"e:1:50155",0.298582220982976,0.0397818629466936,0.213789187283725,0.383375254682228,"Czm_21_216"
"e:1:50156",0.351219344944524,0.0850101878340873,0.170024418717607,0.53241427117144,"Czm_21_217"
"e:1:50157",0.289674681040323,0.0419660144142331,0.200226238688151,0.379123123392495,"Czm_21_218"
"e:1:50158",0.219156733545769,0.0310833682561378,0.152904102401757,0.285409364689781,"Czm_21_219"
"e:1:50159",0.447553436258051,0.0455685219446135,0.350426430867374,0.544680441648728,"Czm_21_22"
"e:1:50160",0.182903174124126,0.0205646949941833,0.139070564324199,0.226735783924054,"Czm_21_220"
"e:1:50161",0.132510484593461,0.059718278101379,0.0052239878726649,0.259796981314258,"Czm_21_221"
"e:1:50162",0.164645486765952,0.030220377598323,0.100232276667362,0.229058696864543,"Czm_21_222"
"e:1:50163",0.202215656075776,0.0582739168772475,0.078007742429779,0.326423569721773,"Czm_21_223"
"e:1:50164",0.254029387771785,0.03145897039862,0.186976179611868,0.321082595931702,"Czm_21_224"
"e:1:50165",0.456152171364556,0.016605379216493,0.420758643379714,0.491545699349397,"Czm_21_225"
"e:1:50166",0.432193344745095,0.0246649155653094,0.379621321672146,0.484765367818044,"Czm_21_226"
"e:1:50167",0.468083482481974,0.04498980210093,0.372189989239122,0.563976975724825,"Czm_21_227"
"e:1:50168",0.479613866601528,0.0287724275871547,0.418286888896236,0.54094084430682,"Czm_21_228"
"e:1:50169",0.43096382903557,0.146548050672328,0.118604053027366,0.743323605043775,"Czm_21_229"
"e:1:50170",0.0286558479340042,0.0203777087446735,-0.0147782101093796,0.072089905977388,"Czm_21_23"
"e:1:50171",0.486900120363847,0.0497218373681695,0.380920532701065,0.592879708026629,"Czm_21_230"
"e:1:50172",0.396747285969847,0.0622937936178339,0.263971207871921,0.529523364067773,"Czm_21_231"
"e:1:50173",0.328364899068353,0.0525069820864853,0.216448915961398,0.440280882175307,"Czm_21_232"
"e:1:50174",0.209069840816409,0.0138027416609981,0.179649993375596,0.238489688257223,"Czm_21_233"
"e:1:50175",0.209443540140945,0.0160309049796294,0.175274475007202,0.243612605274688,"Czm_21_234"
"e:1:50176",0.259457201555545,0.0159666847082112,0.225425018690132,0.293489384420958,"Czm_21_235"
"e:1:50177",0.262045920635062,0.0407855692136235,0.175113537669288,0.348978303600837,"Czm_21_236"
"e:1:50178",0.233809162822267,0.0343516547260679,0.160590343967164,0.307027981677371,"Czm_21_237"
"e:1:50179",0.380575851121084,0.040931361974944,0.293332718240447,0.467818984001721,"Czm_21_238"
"e:1:50180",0.313623836066081,0.0281615849257029,0.253598838673949,0.373648833458214,"Czm_21_239"
"e:1:50181",0.346105742639809,0.099091569579154,0.134897061691516,0.557314423588101,"Czm_21_24"
"e:1:50182",0.309312115880929,0.0399809693831575,0.224094696858159,0.394529534903699,"Czm_21_240"
"e:1:50183",0.3542845533471,0.0814096685751672,0.180763952258388,0.527805154435812,"Czm_21_241"
"e:1:50184",0.478673203491827,0.205317334042427,0.0410496651515521,0.916296741832101,"Czm_21_242"
"e:1:50185",0.47943838918665,0.189011693027831,0.0765695019769963,0.882307276396303,"Czm_21_243"
"e:1:50186",0.450241306910333,0.274129894394534,-0.134052731921245,1.03453534574191,"Czm_21_244"
"e:1:50187",0.44073511341635,0.11779479059595,0.189661460531303,0.691808766301396,"Czm_21_245"
"e:1:50188",0.444325037961956,0.221025062941009,-0.0267787320009775,0.915428807924889,"Czm_21_246"
"e:1:50189",0.47528540459022,0.0577740430487634,0.352142946788783,0.598427862391658,"Czm_21_247"
"e:1:50190",0.243675540691531,0.0479489707905263,0.141474728690005,0.345876352693057,"Czm_21_248"
"e:1:50191",0.337431017451167,0.032968379413238,0.267160580132979,0.407701454769356,"Czm_21_249"
"e:1:50192",0.405905207908274,0.0680813870976916,0.26079316631782,0.551017249498728,"Czm_21_25"
"e:1:50193",0.320630719210698,0.040071975199133,0.235219325882823,0.406042112538573,"Czm_21_250"
"e:1:50194",0.424993309745629,0.0524673286308741,0.313161845978617,0.536824773512641,"Czm_21_251"
"e:1:50195",0.451769391758154,0.0572383621261448,0.329768710815797,0.573770072700512,"Czm_21_252"
"e:1:50196",0.427871706220561,0.0482612799814531,0.325005222935959,0.530738189505162,"Czm_21_253"
"e:1:50197",1.02077114300011,0.246696360499482,0.494950297522241,1.54659198847799,"Czm_21_254"
"e:1:50198",0.329928459979147,0.0457492686147526,0.232416202180541,0.427440717777753,"Czm_21_26"
"e:1:50199",0.786458942587813,0.145731030758071,0.475840603304565,1.09707728187106,"Czm_21_27"
"e:1:50200",0.496071415951643,0.0546689052079629,0.37954740278988,0.612595429113406,"Czm_21_28"
"e:1:50201",0.172128655183011,0.0450731651223248,0.0760574778660908,0.268199832499931,"Czm_21_29"
"e:1:50202",0.0155604899862227,0.0102621326880487,-0.00631272806819287,0.0374337080406383,"Czm_21_31"
"e:1:50203",0.656808941402803,0.0760476104080729,0.494717296757609,0.818900586047997,"Czm_21_32"
"e:1:50204",0.0578326632778326,0.0187347640819184,0.0179004588892581,0.0977648676664071,"Czm_21_33"
"e:1:50205",0.495758254942504,0.127599531103141,0.223786292359075,0.767730217525934,"Czm_21_34"
"e:1:50206",0.1398137133366,0.0155340788311233,0.106703608071312,0.172923818601887,"Czm_21_35"
"e:1:50207",0.466770268956403,0.0529523046612559,0.353905103249827,0.57963543466298,"Czm_21_36"
"e:1:50208",0.225888032114983,0.0408703533439528,0.138774936053147,0.313001128176818,"Czm_21_37"
"e:1:50209",0.352948105845218,0.053784571300921,0.238309005787743,0.467587205902694,"Czm_21_38"
"e:1:50210",0.377789398487574,0.0327037630482086,0.308082977600375,0.447495819374773,"Czm_21_39"
"e:1:50211",0.247595658388786,0.0768790483453277,0.0837318457300688,0.411459471047502,"Czm_21_4"
"e:1:50212",0.2947387635942,0.0363222383390907,0.217319745192632,0.372157781995769,"Czm_21_40"
"e:1:50213",0.50098719592465,0.0546331250485703,0.384539446367364,0.617434945481935,"Czm_21_41"
"e:1:50214",0.329160871242952,0.035669762717985,0.253132571707478,0.405189170778426,"Czm_21_42"
"e:1:50215",0.0950840220297402,0.0106271758486882,0.0724327328964699,0.11773531116301,"Czm_21_43"
"e:1:50216",0.193696351016815,0.0209004423954492,0.149148112571036,0.238244589462594,"Czm_21_44"
"e:1:50217",0.567060024542396,0.139087715046661,0.270601577513243,0.863518471571549,"Czm_21_45"
"e:1:50218",0.317780151759571,0.111141238996625,0.0808882084072642,0.554672095111879,"Czm_21_46"
"e:1:50219",0.115459160174988,0.0406980257254356,0.0287133717373282,0.202204948612648,"Czm_21_47"
"e:1:50220",0.308060118426326,0.042189980095623,0.218134304524334,0.397985932328317,"Czm_21_48"
"e:1:50221",0.10535061712368,0.076571119762882,-0.0578568612979177,0.268558095545278,"Czm_21_50"
"e:1:50222",0.190082587945803,0.0258899765251183,0.134899409246787,0.24526576664482,"Czm_21_51"
"e:1:50223",0.0995183104034278,0.0826383279521322,-0.0766211161559639,0.27565773696282,"Czm_21_52"
"e:1:50224",0.317197469566474,0.0660951842438397,0.176318919146252,0.458076019986695,"Czm_21_53"
"e:1:50225",0.210818454170495,0.0256976651768748,0.156045177407298,0.265591730933692,"Czm_21_54"
"e:1:50226",0.212906719359734,0.021999430469549,0.16601604328284,0.259797395436628,"Czm_21_55"
"e:1:50227",0.294335067902234,0.0358726000181871,0.217874430895421,0.370795704909046,"Czm_21_56"
"e:1:50228",0.210168354230545,0.0284757485318994,0.149473732962754,0.270862975498337,"Czm_21_57"
"e:1:50229",0.422605351723606,0.0419875298133482,0.333111050383767,0.512099653063444,"Czm_21_61"
"e:1:50230",0.80163702411352,0.072140318550195,0.647873574923169,0.95540047330387,"Czm_21_62"
"e:1:50231",0.139975858741139,0.0595551593055843,0.013037041503511,0.266914675978766,"Czm_21_64"
"e:1:50232",0.250646440596547,0.0725830920907953,0.0959392419442984,0.405353639248796,"Czm_21_67"
"e:1:50233",0.452930696467361,0.19252673523604,0.0425696741403963,0.863291718794326,"Czm_21_69"
"e:1:50234",0.360523582145881,0.048393635871254,0.257374988960111,0.46367217533165,"Czm_21_70"
"e:1:50235",0.905222759786683,0.0926596125522965,0.707723470720346,1.10272204885302,"Czm_21_72"
"e:1:50236",0.834582307643554,0.0984549411778123,0.624730568011992,1.04443404727512,"Czm_21_73"
"e:1:50237",0.550843320769184,0.0507517038332019,0.442668624697521,0.659018016840846,"Czm_21_74"
"e:1:50238",0.130904477864211,0.0135476940399618,0.102028251559351,0.15978070416907,"Czm_21_75"
"e:1:50239",0.196505081616802,0.0280437258762462,0.136731294842074,0.25627886839153,"Czm_21_76"
"e:1:50240",0.232875680275367,0.0115107692808011,0.20834105632276,0.257410304227974,"Czm_21_77"
"e:1:50241",0.386473636499904,0.0436488285348971,0.293438360754981,0.479508912244827,"Czm_21_79"
"e:1:50242",0.477002916984181,0.0824455956386035,0.301274289626874,0.652731544341487,"Czm_21_80"
"e:1:50243",0.206998932329369,0.0241432750863045,0.155538759618341,0.258459105040398,"Czm_21_82"
"e:1:50244",0.633207004711599,0.0933958654989612,0.434138429636677,0.832275579786522,"Czm_21_83"
"e:1:50245",0.640137871851681,0.0850101142658291,0.458943102431795,0.821332641271567,"Czm_21_86"
"e:1:50246",0.389349511812293,0.0368024251726922,0.310906999402461,0.467792024222126,"Czm_21_87"
"e:1:50247",0.257430625701241,0.0401229482403757,0.171910585907774,0.342950665494708,"Czm_21_89"
"e:1:50248",0.388859875453215,0.0416506570610969,0.300083601388074,0.477636149518356,"Czm_21_91"
"e:1:50249",0.219482167707522,0.0590672432429635,0.0935833189398388,0.345381016475205,"Czm_21_93"
"e:1:50250",0.344779565371736,0.0384848071821546,0.262751140592377,0.426807990151095,"Czm_21_95"
"e:1:50251",0.311675581916389,0.0582649259392195,0.187486832001166,0.435864331831612,"Czm_21_96"
"e:1:50252",0.131647271280681,0.0326981322025349,0.0619528522569346,0.201341690304428,"Czm_21_97"
"e:1:50253",0.463489161663582,0.252625998349751,-0.0749704077155799,1.00194873104274,"Czm_21_98"
"e:1:50254",0.0450550780569272,0.029523993386433,-0.0178738242296953,0.10798398034355,"Czm_21_99"
"e:1:50255",0.61172203317077,0.101075436032388,0.396284840972282,0.827159225369259,"GLS_20_100"
"e:1:50256",0.666092043216124,0.111444379351213,0.42855397149279,0.903630114939458,"GLS_20_102"
"e:1:50257",0.589183913016116,0.0454101433361607,0.492394483638452,0.685973342393779,"GLS_20_109"
"e:1:50258",0.468303224669677,0.0770425915454081,0.304090827931469,0.632515621407884,"GLS_20_11A"
"e:1:50259",0.492091663050347,0.0527069206860595,0.379749520906191,0.604433805194504,"GLS_20_11B"
"e:1:50260",1.11532031203942,0.123557491635169,0.85196375264313,1.3786768714357,"GLS_20_13A"
"e:1:50261",4.01118699489137,0.596150968835608,2.7405212832817,5.28185270650105,"GLS_20_13B"
"e:1:50262",1.33887906473659,0.17869654617695,0.957996392594631,1.71976173687855,"GLS_20_14"
"e:1:50263",1.72126137169346,0.354875649464068,0.964861829913046,2.47766091347388,"GLS_20_18"
"e:1:50264",0.34197347565956,0.0261583534155844,0.286218265159321,0.397728686159799,"GLS_20_20A"
"e:1:50265",2.19254929666105,0.33522089638775,1.47804286939324,2.90705572392886,"GLS_20_20B"
"e:1:50266",1.20440140172432,0.172265910458095,0.837225305162977,1.57157749828567,"GLS_20_31"
"e:1:50267",0.348220216894607,0.0363013675646094,0.270845683495822,0.425594750293392,"GLS_20_32"
"e:1:50268",4.211629601421,0.989642754697778,2.1022560016539,6.3210032011881,"GLS_20_37A"
"e:1:50269",2.83053085126526,0.542749652382784,1.67368735134125,3.98737435118927,"GLS_20_37B"
"e:1:50270",1.63689960299667,0.163008643321362,1.28945490426704,1.9843443017263,"GLS_20_38"
"e:1:50271",0.481159021939215,0.0596776882209358,0.353959040500643,0.608359003377787,"GLS_20_40A"
"e:1:50272",0.347555678146939,0.0383965527698688,0.265715363194541,0.429395993099338,"GLS_20_40B"
"e:1:50273",0.543684190636742,0.0287947599145782,0.482309612702311,0.605058768571172,"GLS_20_44A"
"e:1:50274",0.612398211519421,0.0539768509776709,0.497349277032317,0.727447146006526,"GLS_20_44B"
"e:1:50275",0.588966640932118,0.11272041037726,0.348708773458195,0.829224508406041,"GLS_20_46"
"e:1:50276",1.7477067972689,0.233533717480611,1.24994146127197,2.24547213326583,"GLS_20_6"
"e:1:50277",2.72329218326826,0.261563877029003,2.16578197643994,3.28080239009658,"GLS_20_62A"
"e:1:50278",3.88165791058819,0.62695774844343,2.54532910258326,5.21798671859312,"GLS_20_62B"
"e:1:50279",1.53216497476222,0.229765971508716,1.04243039920487,2.02189955031957,"GLS_20_63"
"e:1:50280",1.68625229059821,0.259692137596652,1.13273160193238,2.23977297926404,"GLS_20_64"
"e:1:50281",1.03486706142462,0.147277583622081,0.720952322742192,1.34878180010704,"GLS_20_69"
"e:1:50282",0.820486717532422,0.0740033932502272,0.662752218619344,0.9782212164455,"GLS_20_7"
"e:1:50283",0.981776910789319,0.135709777551552,0.692518367099044,1.27103545447959,"GLS_20_70"
"e:1:50284",0.847261882221341,0.168304230509968,0.488529906585082,1.2059938578576,"GLS_20_72"
"e:1:50285",1.48033991226987,0.301304023604478,0.838125588082777,2.12255423645697,"GLS_20_75"
"e:1:50286",3.23196787648355,0.270611335451648,2.65517346851181,3.80876228445528,"GLS_20_79"
"e:1:50287",0.574977648434817,0.122603510612176,0.31365445145646,0.836300845413173,"GLS_20_8"
"e:1:50288",0.603090219536806,0.0710071376021358,0.451742088363233,0.754438350710378,"GLS_20_81"
"e:1:50289",0.944554505727292,0.110604629695136,0.708806318026787,1.1803026934278,"GLS_20_82"
"e:1:50290",0.938824985142232,0.0781852612572617,0.772177045565969,1.10547292471849,"GLS_20_83"
"e:1:50291",0.798894351230561,0.139206885952609,0.50218189742808,1.09560680503304,"GLS_20_89"
"e:1:50292",1.87871758667091,0.242077545310514,1.36274151272859,2.39469366061323,"GLS_20_91"
"e:1:50293",0.599909766469838,0.0886087940841674,0.41104459258654,0.788774940353136,"GLS_20_93A"
"e:1:50294",1.29113759820894,0.139523760392658,0.993749742525218,1.58852545389266,"GLS_20_93B"
"e:1:50295",0.83042978919986,0.0541470167468878,0.715018154961288,0.945841423438431,"GLS_20_94A"
"e:1:50296",0.741217514763033,0.0414936931660546,0.652775801320649,0.829659228205417,"GLS_20_94B"
"e:1:50297",0.165073441974779,0.00949324792049635,0.144839063008751,0.185307820940807,"GLS_20_95A"
"e:1:50298",1.3624743619053,0.189557709808333,0.95844166747698,1.76650705633363,"GLS_20_95B"
"e:1:50299",0.890019411435778,0.0932456016414868,0.691271116191584,1.08876770667997,"GLS_20_95C"
"e:1:50300",0.716704208695004,0.0888587534411412,0.527306259053876,0.906102158336133,"GLS_20_98A"
"e:1:50301",0.684426265584905,0.0464459149684704,0.585429141232251,0.783423389937559,"GLS_20_98B"
"e:1:50302",1.95801332262962,0.21951335637372,1.49013167894255,2.42589496631669,"GLS_21_157A"
"e:1:50303",1.5894654757105,0.21129921612393,1.13909185752601,2.03983909389499,"GLS_21_157B"
"e:1:50304",0.744757711301211,0.101510237390472,0.528393761945625,0.961121660656797,"GLS_21_162"
"e:1:50305",0.958487668525245,0.134559598509501,0.671680673431463,1.24529466361903,"GLS_21_163"
"e:1:50306",1.28979820322641,0.219360887694927,0.822241538835468,1.75735486761735,"GLS_21_164A"
"e:1:50307",0.69822757048873,0.081703511083918,0.524080658918275,0.872374482059185,"GLS_21_164B"
"e:1:50308",1.14506282175221,0.123944835598981,0.880880658240278,1.40924498526414,"GLS_21_165"
"e:1:50309",1.04786071401429,0.0996658037880758,0.835428081822347,1.26029334620624,"GLS_21_168"
"e:1:50310",0.634977719228657,0.0550933554080914,0.517549011880717,0.752406426576597,"GLS_21_177"
"e:1:50311",0.920672819818245,0.125864255368564,0.6523995099107,1.18894612972579,"GLS_21_180"
"e:1:50312",1.14582274696615,0.0625270430563845,1.01254950945842,1.27909598447388,"GLS_21_200"
"e:1:50313",1.63937986190477,0.113524746487287,1.39740759259465,1.88135213121488,"GLS_21_214"
"e:1:50314",1.53616396599801,0.11156401212907,1.29837090304468,1.77395702895135,"GLS_21_218"
"e:1:50315",1.72458915283067,0.187238243281637,1.32550028427661,2.12367802138472,"GLS_21_231A"
"e:1:50316",0.447136350274664,0.104124582521621,0.225200056177355,0.669072644371973,"GLS_21_231B"
"e:1:50317",1.89498401427089,0.272053322988909,1.31511608261815,2.47485194592363,"GLS_21_231C"
"e:1:50318",0.830005003275565,0.174757615443351,0.457517963255725,1.2024920432954,"GLS_21_233A"
"e:1:50319",1.7457950316274,0.124093543094288,1.48129590559218,2.01029415766262,"GLS_21_233B"
"e:1:50320",0.745976513396653,0.0666462364531803,0.603923422995252,0.888029603798053,"GLS_21_238"
"e:1:50321",7.45791631352068,0.883926526439907,5.57387152043211,9.34196110660925,"GLS_21_238A"
"e:1:50322",13.8702754554797,1.95908842144493,9.69457732987944,18.0459735810799,"GLS_21_238B"
"e:1:50323",2.19119533705123,0.172313332068958,1.82391816371896,2.5584725103835,"GLS_21_244A"
"e:1:50324",2.83315313568013,0.451215444550896,1.87141018144257,3.79489608991769,"GLS_21_244B"
"e:1:50325",0.555454376441479,0.0641917985440895,0.418632796606015,0.692275956276944,"GLS_21_245A"
"e:1:50326",1.26078451340265,0.0938391025036593,1.06077120101548,1.46079782578981,"GLS_21_245B"
"e:1:50327",5.97438698582988,0.781005534310687,4.30971309464369,7.63906087701606,"GLS_21_254"
"e:1:50328",2.59775398197307,0.270330598219578,2.02155795124705,3.17395001269909,"GLS_21_256"
"e:1:50329",2.66745597359598,0.408785051676487,1.7961512609685,3.53876068622346,"GLS_21_256A"
"e:1:50330",3.14926851217664,0.630621471129799,1.8051306641168,4.49340636023649,"GLS_21_256B"
"e:1:50331",0.964363056303277,0.069063434619986,0.817157829967711,1.11156828263884,"GLS_21_261A"
"e:1:50332",2.36950323651501,0.183752890746427,1.97784322103824,2.76116325199177,"GLS_21_261B"
"e:1:50333",1.68595137443413,0.195557311965477,1.26913083071442,2.10277191815384,"GLS_21_270A"
"e:1:50334",1.97039700576038,0.26576133314675,1.40394013299738,2.53685387852338,"GLS_21_270B"
"e:1:50335",0.783028985048665,0.0686812182036796,0.63663843371994,0.92941953637739,"GLS_21_271A"
"e:1:50336",1.03606214607396,0.0856104401975043,0.853587812219822,1.21853647992811,"GLS_21_271B"
"e:1:50337",0.586416225186892,0.049536818741849,0.480830995391101,0.692001454982683,"GLS_21_271C"
"e:1:50338",0.775150869325834,0.0794905275717548,0.60572082045671,0.944580918194957,"GLS_21_271D"
"e:1:50339",1.14707528654698,0.173661361461122,0.776924856579378,1.51722571651458,"GLS_21_275"
